{
  "1": [108.91238,34.26916],
  "2": [108.91251,34.26923],
  "3": [108.91272,34.26923],
  "4": [108.92229,34.28005],
  "5": [108.92229,34.28007],
  "6": [108.92229,34.28008],
  "7": [108.91242,34.26923],
  "8": [108.92229,34.28007],
  "9": [108.9206,34.26358],
  "10": [108.91219,34.26915],
  "11": [108.92236,34.26421],
  "12": [108.92222,34.26567],
  "13": [108.91235,34.26916],
  "14": [108.91255,34.26923],
  "15": [108.91779,34.26921],
  "16": [108.91867,34.26978],
  "17": [108.92229,34.28006],
  "18": [108.91853,34.26978],
  "19": [108.92229,34.28002],
  "20": [108.92229,34.28009],
  "20": [108.92229,34.281]
}