{
  "1": [108.92309,34.28],
  "2": [109.010833,34.3],
  "3": [109.010348,34.21],
  "4": [108.925859,34.205]
}