{
 "1": [108.93037,34.251633],
 "2": [108.9312,34.229603],
 "3": [108.95127,34.232456],
 "4": [108.99067,34.217487],
 "5": [108.993645,34.27089],
 "6": [108.96865,34.251434],
 "7": [108.94033,34.20953],
 "8": [108.94237,34.276276],
 "9": [108.91383,34.24173],
 "10": [108.9175,34.268456],
 "11": [108.99505,34.244938],
 "12": [108.91475,34.21713],
 "13": [108.96631,34.214382],
 "14": [108.96763,34.273376],
 "15": [108.9474,34.257122]
}