{
 "1": [108.9787,34.21297],
 "2": [108.95193,34.223766],
 "3": [108.94531,34.25861],
 "4": [108.913925,34.214634],
 "5": [108.99358,34.27361],
 "6": [108.948235,34.24334],
 "7": [108.94202,34.209545],
 "8": [108.96745,34.240673],
 "9": [108.912415,34.234867],
 "10": [108.93082,34.233128],
 "11": [108.99407,34.234802],
 "12": [108.96731,34.26877],
 "13": [108.9161,34.258587],
 "14": [108.936905,34.27797],
 "15": [108.99459,34.252567]
}