{
 "1": [108.97478,34.224167],
 "2": [108.9931,34.273933],
 "3": [108.91695,34.209057],
 "4": [108.9956,34.249744],
 "5": [108.993256,34.219135],
 "6": [108.9729,34.25564],
 "7": [108.91929,34.259132],
 "8": [108.93123,34.236595],
 "9": [108.9528,34.21439],
 "10": [108.91507,34.221737],
 "11": [108.93506,34.21044],
 "12": [108.96528,34.272667],
 "13": [108.913574,34.23796],
 "14": [108.94981,34.24325],
 "15": [108.93854,34.274628]
}