{
 "1": [108.91682,34.214554],
 "2": [108.9629,34.2154],
 "3": [108.99574,34.274933],
 "4": [108.94641,34.267265],
 "5": [108.9961,34.243458],
 "6": [108.981636,34.271214],
 "7": [108.96659,34.275703],
 "8": [108.94413,34.24116],
 "9": [108.992966,34.258198],
 "10": [108.914276,34.239788],
 "11": [108.92204,34.26791],
 "12": [108.94308,34.21545],
 "13": [108.96714,34.238167],
 "14": [108.96444,34.258728],
 "15": [108.98843,34.216057]
}