{
 "1": [108.91847,34.273556],
 "2": [108.97484,34.2781],
 "3": [108.965294,34.265343],
 "4": [108.95042,34.248806],
 "5": [108.989136,34.217262],
 "6": [108.9324,34.24891],
 "7": [108.96999,34.23459],
 "8": [108.94215,34.276554],
 "9": [108.938934,34.226105],
 "10": [108.91469,34.23541],
 "11": [108.94888,34.208874],
 "12": [108.91505,34.255047],
 "13": [108.99478,34.271523],
 "14": [108.91757,34.214092],
 "15": [108.99508,34.245216]
}