{
 "1": [108.951164,34.233704],
 "2": [108.99275,34.27839],
 "3": [108.92971,34.23556],
 "4": [108.99432,34.264664],
 "5": [108.916245,34.25831],
 "6": [108.93707,34.277523],
 "7": [108.97675,34.2288],
 "8": [108.96478,34.21045],
 "9": [108.93958,34.20907],
 "10": [108.993706,34.214237],
 "11": [108.96923,34.254044],
 "12": [108.96649,34.27485],
 "13": [108.99618,34.243454],
 "14": [108.91473,34.222828],
 "15": [108.94532,34.255886]
}