{
 "1": [108.94223,34.277035],
 "2": [108.94822,34.2456],
 "3": [108.91272,34.243217],
 "4": [108.99507,34.273464],
 "5": [108.91331,34.216938],
 "6": [108.92846,34.235577],
 "7": [108.99516,34.249233],
 "8": [108.9178,34.266205],
 "9": [108.96885,34.21475],
 "10": [108.949005,34.218273],
 "11": [108.93401,34.211002],
 "12": [108.9452,34.258377],
 "13": [108.96845,34.270447],
 "14": [108.967766,34.24199],
 "15": [108.9925,34.219265]
}