{
 "1": [108.956314,34.26939],
 "2": [108.96457,34.238045],
 "3": [108.99389,34.265175],
 "4": [108.968925,34.259163],
 "5": [108.963104,34.215694],
 "6": [108.995026,34.278282],
 "7": [108.915474,34.216625],
 "8": [108.913826,34.251488],
 "9": [108.94285,34.21462],
 "10": [108.98819,34.21579],
 "11": [108.99418,34.24474],
 "12": [108.97318,34.277466],
 "13": [108.93452,34.276833],
 "14": [108.93745,34.236687],
 "15": [108.94513,34.25583]
}