{
 "1": [108.98871,34.213238],
 "2": [108.91431,34.24684],
 "3": [108.96854,34.257122],
 "4": [108.929955,34.23305],
 "5": [108.924446,34.273796],
 "6": [108.95371,34.274734],
 "7": [108.99551,34.256195],
 "8": [108.95185,34.233883],
 "9": [108.91271,34.219322],
 "10": [108.92769,34.210846],
 "11": [108.987,34.276],
 "12": [108.94397,34.254803],
 "13": [108.97325,34.22835],
 "14": [108.99439,34.237118],
 "15": [108.94945,34.20883]
}