{
 "1": [108.95317,34.244686],
 "2": [108.91435,34.245476],
 "3": [108.94197,34.25856],
 "4": [108.91457,34.217415],
 "5": [108.96826,34.27505],
 "6": [108.93129,34.275295],
 "7": [108.9388,34.20952],
 "8": [108.99626,34.249153],
 "9": [108.99235,34.21545],
 "10": [108.96755,34.211018],
 "11": [108.99517,34.273285],
 "12": [108.9681,34.26021],
 "13": [108.98004,34.23363],
 "14": [108.96261,34.22454],
 "15": [108.94345,34.22734]
}