{
 "1": [108.96717,34.238537],
 "2": [108.99109,34.278305],
 "3": [108.99306,34.265697],
 "4": [108.94641,34.256214],
 "5": [108.99053,34.216244],
 "6": [108.96668,34.213417],
 "7": [108.968925,34.260662],
 "8": [108.94684,34.229],
 "9": [108.91702,34.23597],
 "10": [108.99478,34.24485],
 "11": [108.93998,34.209656],
 "12": [108.91621,34.2148],
 "13": [108.95942,34.276096],
 "14": [108.91956,34.254536],
 "15": [108.924225,34.2743]
}