{
 "1": [108.99622,34.245415],
 "2": [108.993225,34.215168],
 "3": [108.94077,34.210106],
 "4": [108.9948,34.264355],
 "5": [108.991615,34.27721],
 "6": [108.91503,34.214783],
 "7": [108.91499,34.23548],
 "8": [108.96558,34.213375],
 "9": [108.96747,34.270195],
 "10": [108.94443,34.25557],
 "11": [108.963005,34.243824],
 "12": [108.91549,34.25928],
 "13": [108.97866,34.231937],
 "14": [108.93822,34.27767],
 "15": [108.943825,34.22961]
}