{
 "1": [108.99269,34.21956],
 "2": [108.96791,34.260895],
 "3": [108.96503,34.240227],
 "4": [108.924774,34.20916],
 "5": [108.9447,34.256676],
 "6": [108.94292,34.235847],
 "7": [108.94253,34.27675],
 "8": [108.96723,34.214443],
 "9": [108.91348,34.220585],
 "10": [108.94614,34.218403],
 "11": [108.995056,34.273045],
 "12": [108.91429,34.241905],
 "13": [108.99559,34.249283],
 "14": [108.91781,34.266148],
 "15": [108.967834,34.274727]
}