{
 "1": [108.95474,34.246964],
 "2": [108.91406,34.235153],
 "3": [108.99532,34.27324],
 "4": [108.99597,34.221306],
 "5": [108.96382,34.211987],
 "6": [108.97971,34.21213],
 "7": [108.92706,34.276886],
 "8": [108.91399,34.258602],
 "9": [108.96425,34.22677],
 "10": [108.942986,34.220543],
 "11": [108.9176,34.2128],
 "12": [108.99412,34.249397],
 "13": [108.96927,34.270725],
 "14": [108.94794,34.26641],
 "15": [108.93454,34.25239]
}