{
 "1": [108.930504,34.234364],
 "2": [108.99102,34.217968],
 "3": [108.96785,34.240955],
 "4": [108.96781,34.26829],
 "5": [108.91839,34.255215],
 "6": [108.93948,34.209816],
 "7": [108.91553,34.21488],
 "8": [108.9188,34.27258],
 "9": [108.948044,34.230244],
 "10": [108.995155,34.245495],
 "11": [108.91348,34.235123],
 "12": [108.94267,34.276077],
 "13": [108.966354,34.21345],
 "14": [108.992676,34.271683],
 "15": [108.94588,34.25498]
}