{
 "1": [108.946655,34.275463],
 "2": [108.99523,34.253654],
 "3": [108.91397,34.243336],
 "4": [108.91782,34.263577],
 "5": [108.96813,34.27321],
 "6": [108.994225,34.27322],
 "7": [108.96821,34.25098],
 "8": [108.929146,34.278053],
 "9": [108.99329,34.235565],
 "10": [108.951,34.229733],
 "11": [108.97916,34.214832],
 "12": [108.94538,34.25438],
 "13": [108.924644,34.231804],
 "14": [108.915695,34.213818],
 "15": [108.94357,34.209866]
}