{
 "1": [108.91756,34.215477],
 "2": [108.9698,34.256233],
 "3": [108.933624,34.276722],
 "4": [108.93135,34.236073],
 "5": [108.96983,34.21612],
 "6": [108.94732,34.266308],
 "7": [108.94747,34.215527],
 "8": [108.99428,34.273033],
 "9": [108.92045,34.261658],
 "10": [108.993164,34.218697],
 "11": [108.99434,34.249134],
 "12": [108.968475,34.27488],
 "13": [108.921455,34.279003],
 "14": [108.913704,34.241806],
 "15": [108.95213,34.24241]
}