{
 "1": [108.966286,34.241135],
 "2": [108.94441,34.22991],
 "3": [108.91593,34.258873],
 "4": [108.94501,34.25507],
 "5": [108.914894,34.234985],
 "6": [108.99187,34.217026],
 "7": [108.967064,34.26869],
 "8": [108.99488,34.244286],
 "9": [108.99206,34.27824],
 "10": [108.99359,34.26481],
 "11": [108.945564,34.209682],
 "12": [108.91249,34.216198],
 "13": [108.93822,34.277252],
 "14": [108.92675,34.21194],
 "15": [108.96759,34.21525]
}