{
 "1": [108.95712,34.21696],
 "2": [108.996216,34.251255],
 "3": [108.97269,34.23472],
 "4": [108.92421,34.273075],
 "5": [108.967834,34.25897],
 "6": [108.919106,34.20818],
 "7": [108.93023,34.22971],
 "8": [108.94039,34.20923],
 "9": [108.988045,34.275536],
 "10": [108.94524,34.246403],
 "11": [108.993576,34.22843],
 "12": [108.98877,34.2128],
 "13": [108.95417,34.27484],
 "14": [108.91401,34.221046],
 "15": [108.915504,34.24727]
}