{
 "1": [108.99667,34.27414],
 "2": [108.91187,34.240692],
 "3": [108.99602,34.25018],
 "4": [108.98188,34.270325],
 "5": [108.9664,34.27454],
 "6": [108.96754,34.258724],
 "7": [108.93027,34.23706],
 "8": [108.91695,34.21351],
 "9": [108.95418,34.24194],
 "10": [108.985146,34.212055],
 "11": [108.94333,34.26286],
 "12": [108.98564,34.232903],
 "13": [108.96404,34.216785],
 "14": [108.94355,34.218212],
 "15": [108.92179,34.268307]
}