{
 "1": [108.95041,34.212486],
 "2": [108.942726,34.246334],
 "3": [108.959435,34.26649],
 "4": [108.96883,34.24491],
 "5": [108.93705,34.277203],
 "6": [108.93188,34.219147],
 "7": [108.993996,34.264652],
 "8": [108.974625,34.27618],
 "9": [108.99523,34.27856],
 "10": [108.91466,34.213684],
 "11": [108.98369,34.21852],
 "12": [108.99744,34.276695],
 "13": [108.91689,34.25978],
 "14": [108.99546,34.24319],
 "15": [108.91582,34.236298]
}