{
 "1": [108.96886,34.248074],
 "2": [108.97406,34.270317],
 "3": [108.930756,34.27642],
 "4": [108.9295,34.230545],
 "5": [108.953896,34.27321],
 "6": [108.941315,34.251125],
 "7": [108.91281,34.235996],
 "8": [108.91699,34.254906],
 "9": [108.941986,34.20916],
 "10": [108.995224,34.243595],
 "11": [108.91563,34.268623],
 "12": [108.98253,34.21725],
 "13": [108.99527,34.270657],
 "14": [108.91524,34.21472],
 "15": [108.95203,34.230946]
}