{
 "1": [108.96907,34.234283],
 "2": [108.96569,34.27093],
 "3": [108.99616,34.249863],
 "4": [108.91729,34.234585],
 "5": [108.97963,34.267372],
 "6": [108.99083,34.230125],
 "7": [108.94655,34.27232],
 "8": [108.986,34.212276],
 "9": [108.94486,34.242855],
 "10": [108.9961,34.274696],
 "11": [108.928604,34.27779],
 "12": [108.91467,34.26887],
 "13": [108.91839,34.254116],
 "14": [108.91702,34.21444],
 "15": [108.94502,34.212433]
}