{
 "1": [108.93112,34.232697],
 "2": [108.91829,34.262535],
 "3": [108.93995,34.210537],
 "4": [108.91414,34.242596],
 "5": [108.967384,34.257088],
 "6": [108.944176,34.25457],
 "7": [108.952484,34.272686],
 "8": [108.95137,34.232677],
 "9": [108.93005,34.277435],
 "10": [108.98759,34.274433],
 "11": [108.9955,34.25094],
 "12": [108.991745,34.21435],
 "13": [108.96412,34.213165],
 "14": [108.91514,34.217136],
 "15": [108.98201,34.233765]
}