{
 "1": [108.91625,34.267853],
 "2": [108.97201,34.254753],
 "3": [108.93017,34.233047],
 "4": [108.98956,34.21559],
 "5": [108.95245,34.239807],
 "6": [108.98824,34.275093],
 "7": [108.91244,34.235603],
 "8": [108.91633,34.21374],
 "9": [108.94291,34.21105],
 "10": [108.95186,34.273308],
 "11": [108.91586,34.253323],
 "12": [108.995964,34.24708],
 "13": [108.97074,34.225155],
 "14": [108.937035,34.25312],
 "15": [108.928505,34.278248]
}