{
 "1": [108.94848,34.241158],
 "2": [108.91515,34.218414],
 "3": [108.93537,34.22795],
 "4": [108.96984,34.275066],
 "5": [108.99534,34.247498],
 "6": [108.99321,34.27315],
 "7": [108.98877,34.21469],
 "8": [108.948944,34.262756],
 "9": [108.93405,34.277077],
 "10": [108.91434,34.24863],
 "11": [108.9348,34.208294],
 "12": [108.96956,34.257095],
 "13": [108.96841,34.232365],
 "14": [108.932365,34.253735],
 "15": [108.95327,34.2116]
}