{
 "1": [108.97024,34.275448],
 "2": [108.941536,34.25361],
 "3": [108.99384,34.26115],
 "4": [108.93032,34.27452],
 "5": [108.92988,34.23209],
 "6": [108.99596,34.276047],
 "7": [108.964905,34.209682],
 "8": [108.95074,34.232906],
 "9": [108.969215,34.254944],
 "10": [108.91436,34.246754],
 "11": [108.991356,34.216267],
 "12": [108.93833,34.20883],
 "13": [108.97367,34.230755],
 "14": [108.99585,34.243],
 "15": [108.91563,34.216972]
}