{
 "1": [108.91915,34.27318],
 "2": [108.91984,34.255318],
 "3": [108.955315,34.209023],
 "4": [108.93027,34.2348],
 "5": [108.91368,34.235226],
 "6": [108.94784,34.245113],
 "7": [108.969025,34.26836],
 "8": [108.93487,34.211338],
 "9": [108.94706,34.26118],
 "10": [108.97082,34.23739],
 "11": [108.991356,34.219795],
 "12": [108.94128,34.277325],
 "13": [108.99541,34.264168],
 "14": [108.91588,34.214554],
 "15": [108.9484,34.226692]
}