{
 "1": [108.96822,34.273785],
 "2": [108.95197,34.209225],
 "3": [108.94715,34.259144],
 "4": [108.992935,34.235615],
 "5": [108.984634,34.213444],
 "6": [108.942474,34.225117],
 "7": [108.913216,34.21726],
 "8": [108.96385,34.233017],
 "9": [108.943375,34.24403],
 "10": [108.99464,34.273136],
 "11": [108.91444,34.241344],
 "12": [108.94048,34.276943],
 "13": [108.96881,34.25642],
 "14": [108.99495,34.25233],
 "15": [108.9183,34.265606]
}