{
 "1": [108.99432,34.23861],
 "2": [108.99125,34.215305],
 "3": [108.938225,34.277016],
 "4": [108.9644,34.209366],
 "5": [108.9328,34.20882],
 "6": [108.943,34.252094],
 "7": [108.97496,34.229694],
 "8": [108.949265,34.231174],
 "9": [108.91424,34.22701],
 "10": [108.91633,34.25947],
 "11": [108.97046,34.272877],
 "12": [108.99481,34.25623],
 "13": [108.92854,34.23614],
 "14": [108.96822,34.25186],
 "15": [108.99589,34.275303]
}