{
 "1": [108.92904,34.277424],
 "2": [108.994446,34.27293],
 "3": [108.94093,34.210464],
 "4": [108.9453,34.253754],
 "5": [108.914795,34.24121],
 "6": [108.96622,34.22843],
 "7": [108.94295,34.229836],
 "8": [108.94689,34.273006],
 "9": [108.969246,34.269943],
 "10": [108.96546,34.20996],
 "11": [108.917854,34.262386],
 "12": [108.99253,34.219326],
 "13": [108.99478,34.249367],
 "14": [108.96588,34.247932],
 "15": [108.91316,34.217674]
}