{
 "1": [108.99578,34.25422],
 "2": [108.927574,34.27614],
 "3": [108.99315,34.273556],
 "4": [108.9164,34.25837],
 "5": [108.9459,34.2562],
 "6": [108.94637,34.275047],
 "7": [108.98773,34.240246],
 "8": [108.96822,34.267174],
 "9": [108.99023,34.215534],
 "10": [108.94476,34.21657],
 "11": [108.91551,34.213963],
 "12": [108.95555,34.238384],
 "13": [108.913605,34.235138],
 "14": [108.96485,34.214817],
 "15": [108.93153,34.23421]
}