{
 "1": [108.91382,34.21731],
 "2": [108.930336,34.274376],
 "3": [108.99662,34.251854],
 "4": [108.992615,34.266953],
 "5": [108.94234,34.214092],
 "6": [108.96705,34.260113],
 "7": [108.99187,34.238693],
 "8": [108.940475,34.233616],
 "9": [108.96926,34.275455],
 "10": [108.989876,34.215305],
 "11": [108.96381,34.21426],
 "12": [108.94499,34.255592],
 "13": [108.91369,34.24598],
 "14": [108.96327,34.239796],
 "15": [108.99541,34.27804]
}