{
 "1": [108.98769,34.21334],
 "2": [108.93979,34.209923],
 "3": [108.96518,34.269356],
 "4": [108.91944,34.26608],
 "5": [108.94441,34.25503],
 "6": [108.96158,34.217113],
 "7": [108.9956,34.254272],
 "8": [108.995674,34.274815],
 "9": [108.965744,34.24152],
 "10": [108.941025,34.23169],
 "11": [108.99285,34.23715],
 "12": [108.98155,34.26903],
 "13": [108.914665,34.23934],
 "14": [108.91597,34.215748],
 "15": [108.941895,34.276043]
}