{
 "1": [108.9679,34.26784],
 "2": [108.946846,34.25914],
 "3": [108.9296,34.232952],
 "4": [108.9924,34.219154],
 "5": [108.96552,34.21378],
 "6": [108.9139,34.215034],
 "7": [108.96748,34.24136],
 "8": [108.91845,34.26484],
 "9": [108.99487,34.249016],
 "10": [108.94056,34.209972],
 "11": [108.91152,34.23878],
 "12": [108.94583,34.24529],
 "13": [108.99357,34.27319],
 "14": [108.94075,34.276726],
 "15": [108.94827,34.22583]
}