{
 "1": [108.97184,34.228848],
 "2": [108.97065,34.275414],
 "3": [108.99486,34.23713],
 "4": [108.918594,34.261894],
 "5": [108.930466,34.27782],
 "6": [108.95085,34.23923],
 "7": [108.984566,34.212555],
 "8": [108.995636,34.274403],
 "9": [108.930664,34.237988],
 "10": [108.9429,34.21164],
 "11": [108.91673,34.217175],
 "12": [108.99492,34.256256],
 "13": [108.97039,34.254887],
 "14": [108.912506,34.24049],
 "15": [108.94604,34.26741]
}