{
 "1": [108.95233,34.241337],
 "2": [108.9478,34.271004],
 "3": [108.93744,34.251263],
 "4": [108.97092,34.27573],
 "5": [108.97359,34.23376],
 "6": [108.94132,34.226055],
 "7": [108.94401,34.208626],
 "8": [108.99628,34.247364],
 "9": [108.9825,34.212914],
 "10": [108.91483,34.21716],
 "11": [108.99316,34.27254],
 "12": [108.91598,34.24171],
 "13": [108.929115,34.277836],
 "14": [108.917076,34.26373],
 "15": [108.9673,34.258816]
}