{
  "1": [108.99174,34.27328],
  "2": [108.91678,34.212875],
  "3": [108.91857,34.26291],
  "4": [108.93181,34.235397],
  "5": [108.99476,34.24952],
  "6": [108.99152,34.219948],
  "7": [108.96981,34.256767],
  "8": [108.95501,34.237255],
  "9": [108.95764,34.275196],
  "10": [108.94273,34.213726],
  "11": [108.96559,34.214615],
  "12": [108.94503,34.257202],
  "13": [108.91429,34.242546],
  "14": [108.9145,34.22648],
  "15": [108.93037,34.277267]
}