{
 "1": [108.99496,34.27139],
 "2": [108.93511,34.249607],
 "3": [108.99593,34.24388],
 "4": [108.916885,34.224796],
 "5": [108.941124,34.20869],
 "6": [108.9833,34.217575],
 "7": [108.91339,34.238506],
 "8": [108.91587,34.260284],
 "9": [108.97104,34.273304],
 "10": [108.93722,34.27676],
 "11": [108.9531,34.231335],
 "12": [108.95428,34.253777],
 "13": [108.91429,34.21289],
 "14": [108.93174,34.229637],
 "15": [108.973495,34.24724]
}