{
 "1": [108.930664,34.234886],
 "2": [108.91292,34.23484],
 "3": [108.95481,34.245266],
 "4": [108.91759,34.254555],
 "5": [108.9453,34.259773],
 "6": [108.992874,34.219173],
 "7": [108.993515,34.273365],
 "8": [108.91478,34.21483],
 "9": [108.963455,34.271206],
 "10": [108.9387,34.20938],
 "11": [108.99375,34.248768],
 "12": [108.96629,34.2105],
 "13": [108.94807,34.225254],
 "14": [108.96887,34.2299],
 "15": [108.92268,34.273975]
}