{
 "1": [108.940994,34.2759],
 "2": [108.993515,34.215782],
 "3": [108.91552,34.217205],
 "4": [108.93946,34.2524],
 "5": [108.99491,34.271053],
 "6": [108.951546,34.23467],
 "7": [108.93542,34.209213],
 "8": [108.99536,34.244488],
 "9": [108.917786,34.266136],
 "10": [108.913994,34.242653],
 "11": [108.969894,34.254025],
 "12": [108.975746,34.223454],
 "13": [108.93,34.231766],
 "14": [108.95405,34.20968],
 "15": [108.97138,34.27522]
}