{
 "1": [108.99605,34.24384],
 "2": [108.99245,34.2161],
 "3": [108.9959,34.278263],
 "4": [108.92245,34.22784],
 "5": [108.9499,34.252552],
 "6": [108.95308,34.27563],
 "7": [108.947235,34.231014],
 "8": [108.92385,34.274483],
 "9": [108.91451,34.21336],
 "10": [108.94968,34.20973],
 "11": [108.99351,34.259266],
 "12": [108.967384,34.24451],
 "13": [108.995674,34.268723],
 "14": [108.96869,34.20975],
 "15": [108.91311,34.24777],
 "16": [108.97437,34.27792],
 "17": [108.96916,34.26199],
 "18": [108.931786,34.250282],
 "19": [108.93478,34.210247],
 "20": [108.97566,34.229065]
}