{
 "1": [108.932205,34.250034],
 "2": [108.96759,34.24403],
 "3": [108.99156,34.214935],
 "4": [108.917725,34.27301],
 "5": [108.91677,34.234394],
 "6": [108.9686,34.260345],
 "7": [108.933014,34.276833],
 "8": [108.961945,34.21171],
 "9": [108.91462,34.25528],
 "10": [108.9964,34.27507],
 "11": [108.94983,34.251396],
 "12": [108.94765,34.276516],
 "13": [108.966034,34.275692],
 "14": [108.939255,34.209316],
 "15": [108.97502,34.228382],
 "16": [108.98094,34.27319],
 "17": [108.94483,34.22991],
 "18": [108.99601,34.255672],
 "19": [108.99418,34.23951],
 "20": [108.916336,34.21495],
}