{
 "1": [108.975266,34.278107],
 "2": [108.93974,34.20968],
 "3": [108.992035,34.218567],
 "4": [108.96241,34.27188],
 "5": [108.93063,34.23469],
 "6": [108.96433,34.20976],
 "7": [108.934265,34.25243],
 "8": [108.91276,34.23837],
 "9": [108.995514,34.24593],
 "10": [108.91466,34.265446],
 "11": [108.946945,34.27699],
 "12": [108.95101,34.231625],
 "13": [108.928505,34.278072],
 "14": [108.951035,34.254257],
 "15": [108.91582,34.251007],
 "16": [108.91462,34.21277],
 "17": [108.97134,34.254227],
 "18": [108.91777,34.22472],
 "19": [108.99506,34.271786],
 "20": [108.97346,34.23146]
}{
 "1": [108.97003,34.276123],
 "2": [108.93526,34.211533],
 "3": [108.96996,34.25493],
 "4": [108.99477,34.271698],
 "5": [108.94502,34.252254],
 "6": [108.9472,34.275627],
 "7": [108.930435,34.234848],
 "8": [108.91537,34.215057],
 "9": [108.95242,34.209766],
 "10": [108.99452,34.244835],
 "11": [108.91258,34.235874],
 "12": [108.96008,34.23219],
 "13": [108.98795,34.21842],
 "14": [108.917336,34.25503],
 "15": [108.923355,34.275272]
}{
 "1": [108.943146,34.25361],
 "2": [108.96849,34.258415],
 "3": [108.973656,34.234283],
 "4": [108.916374,34.263924],
 "5": [108.9515,34.232914],
 "6": [108.995804,34.2507],
 "7": [108.9918,34.219715],
 "8": [108.95432,34.208714],
 "9": [108.92886,34.27797],
 "10": [108.98732,34.275562],
 "11": [108.95342,34.27517],
 "12": [108.9349,34.211426],
 "13": [108.91348,34.242756],
 "14": [108.92966,34.234886],
 "15": [108.91474,34.216892]
}{
 "1": [108.99353,34.23804],
 "2": [108.947205,34.276096],
 "3": [108.914345,34.214035],
 "4": [108.99411,34.25591],
 "5": [108.91483,34.246788],
 "6": [108.9213,34.22835],
 "7": [108.9526,34.211735],
 "8": [108.9888,34.215572],
 "9": [108.92355,34.27315],
 "10": [108.97038,34.272778],
 "11": [108.99528,34.27436],
 "12": [108.94012,34.240055],
 "13": [108.952965,34.255478],
 "14": [108.96978,34.236668],
 "15": [108.934975,34.211334]
}