{
 "0": [108.9145,34.255283],
 "0": [108.94948,34.231552],
 "0": [108.9138,34.22662],
 "0": [108.926575,34.20759],
 "0": [108.91275,34.238667],
 "0": [108.9295,34.22243],
 "0": [108.972916,34.25528],
 "0": [108.99552,34.274055],
 "0": [108.9287,34.239],
 "0": [108.97544,34.2773],
 "0": [108.949356,34.208958],
 "0": [108.91301,34.214275],
 "0": [108.96171,34.271446],
 "0": [108.95313,34.2507],
 "0": [108.93474,34.25474],
 "0": [108.99118,34.218334],
 "0": [108.9741,34.229767],
 "0": [108.918526,34.273052],
 "0": [108.94149,34.27751],
 "0": [108.99632,34.25034],
}