{
 "1": [108.94939,34.209026],
 "2": [108.928566,34.278107],
 "3": [108.99012,34.219433],
 "4": [108.93833,34.23416],
 "5": [108.99502,34.24945],
 "6": [108.928085,34.211998],
 "7": [108.9703,34.276268],
 "8": [108.913704,34.21943],
 "9": [108.94795,34.27662],
 "10": [108.96954,34.25601],
 "11": [108.91513,34.24225],
 "12": [108.99498,34.2737],
 "13": [108.91679,34.26369],
 "14": [108.96663,34.231907],
 "15": [108.94468,34.253757],
}