{
 "1": [108.93,34.216866],
 "2": [108.9703,34.276745],
 "3": [108.94895,34.20763],
 "4": [108.952255,34.243572],
 "5": [108.988914,34.212063],
 "6": [108.91261,34.23955],
 "7": [108.94498,34.258514],
 "8": [108.94765,34.2273],
 "9": [108.916115,34.264114],
 "10": [108.91421,34.214577],
 "11": [108.92955,34.243145],
 "12": [108.97065,34.2251],
 "13": [108.972305,34.243267],
 "14": [108.92859,34.278084],
 "15": [108.94811,34.277096],
 "16": [108.996056,34.246437],
 "17": [108.991516,34.228653],
 "18": [108.99628,34.27579],
 "19": [108.99225,34.262863],
 "20": [108.96827,34.260212]
}