{
 "1": [108.914116,34.21434],
 "2": [108.950195,34.25413],
 "3": [108.96283,34.232357],
 "4": [108.969894,34.258167],
 "5": [108.94617,34.231617],
 "6": [108.93395,34.254498],
 "7": [108.96952,34.2765],
 "8": [108.99177,34.214176],
 "9": [108.99591,34.2504],
 "10": [108.942184,34.27712],
 "11": [108.99322,34.228603],
 "12": [108.96907,34.209824],
 "13": [108.91466,34.254734],
 "14": [108.946556,34.20832],
 "15": [108.92885,34.23932],
 "16": [108.912865,34.235596],
 "17": [108.91849,34.273457],
 "18": [108.9773,34.236015],
 "19": [108.929825,34.216682],
 "20": [108.99493,34.273712]
}